clave_original,nombre_mostrado,tipo,departamento,revisar
ACHIRAS,Achiras,localidad,RIO CUARTO,
ADELIA MARIA,Adelia María,localidad,RIO CUARTO,
AGUA DE ORO,Agua de Oro,localidad,COLON,
ALCIRA,Alcira,localidad,RIO CUARTO,
ALDEA SANTA MARIA,Aldea Santa María,localidad,UNION,
ALEJANDRO ROCA,Alejandro Roca,localidad,JUAREZ CELMAN,
ALEJO LEDESMA,Alejo Ledesma,localidad,MARCOS JUAREZ,
ALICIA,Alicia,localidad,SAN JUSTO,
ALMAFUERTE,Almafuerte,localidad,TERCERO ARRIBA,
ALPA CORRAL,Alpa Corral,localidad,RIO CUARTO,
ALTA GRACIA,Alta Gracia,localidad,SANTA MARIA,
ALTO ALEGRE,Alto Alegre,localidad,UNION,
ALTO DE LOS QUEBRACHOS,Alto de los Quebrachos,localidad,CRUZ DEL EJE,
ALTOS DE CHIPION,Altos de Chipión,localidad,SAN JUSTO,
AMBOY,Amboy,localidad,CALAMUCHITA,
AMBUL,Ambul,localidad,SAN ALBERTO,
ANA ZUMARAN,Ana Zumarán,localidad,UNION,
ANISACATE,Anisacate,localidad,SANTA MARIA,
ARIAS,Arias,localidad,MARCOS JUAREZ,
ARROYITO,Arroyito,localidad,SAN JUSTO,
ARROYO ALGODON,Arroyo Algodón,localidad,GRAL.SAN MARTIN,
ARROYO CABRAL,Arroyo Cabral,localidad,GRAL.SAN MARTIN,
ARROYO LOS PATOS,Arroyo Los Patos,localidad,SAN ALBERTO,
ASSUNTA,Assunta,localidad,JUAREZ CELMAN,
ATAHONA,Atahona,localidad,RIO PRIMERO,
AUSONIA,Ausonia,localidad,GRAL.SAN MARTIN,
AVELLANEDA,Avellaneda,localidad,ISCHILIN,
BALLESTEROS,Ballesteros,localidad,UNION,
BALLESTEROS SUD,Ballesteros Sud,localidad,UNION,
BALNEARIA,Balnearia,localidad,SAN JUSTO,
BAÑADO DE SOTO,Bañado de Soto,localidad,CRUZ DEL EJE,
BELL VILLE,Bell Ville,localidad,UNION,
BENGOLEA,Bengolea,localidad,JUAREZ CELMAN,
BENJAMIN GOULD,Benjamín Gould,localidad,UNION,
BERROTARAN,Berrotarán,localidad,RIO CUARTO,
BIALET MASSE,Bialet Massé,localidad,PUNILLA,
BOUWER,Bouwer,localidad,SANTA MARIA,
BRINKMANN,Brinkmann,localidad,SAN JUSTO,
BUCHARDO,Buchardo,localidad,GENERAL ROCA,
BULNES,Bulnes,localidad,RIO CUARTO,
CABALANGO,Cabalango,localidad,PUNILLA,
CALCHIN,Calchín,localidad,RIO SEGUNDO,
CALCHIN OESTE,Calchín Oeste,localidad,RIO SEGUNDO,
CALMAYO,Calmayo,localidad,CALAMUCHITA,
CAMILO ALDAO,Camilo Aldao,localidad,MARCOS JUAREZ,
CAMINIAGA,Caminiaga,localidad,SOBREMONTE,
CANALS,Canals,localidad,UNION,
CANDELARIA SUD,Candelaria Sud,localidad,TOTORAL,
CAPILLA DE LOS REMEDIOS,Capilla de los Remedios,localidad,RIO PRIMERO,
CAPILLA DEL CARMEN,Capilla del Carmen,localidad,RIO SEGUNDO,
CAPILLA DEL MONTE,Capilla del Monte,localidad,PUNILLA,
CAPILLA DEL SITON,Capilla del Sitón,localidad,TOTORAL,
CAPITAN GENERAL BERNARDO O'HIGGINS,Capitán General Bernardo O'Higgins,localidad,MARCOS JUAREZ,
CARNERILLO,Carnerillo,localidad,JUAREZ CELMAN,
CARRILOBO,Carrilobo,localidad,RIO SEGUNDO,
CASA GRANDE,Casa Grande,localidad,PUNILLA,
CAVANAGH,Cavanagh,localidad,MARCOS JUAREZ,
CAÑADA DE LUQUE,Cañada de Luque,localidad,TOTORAL,
CAÑADA DE MACHADO,Cañada de Machado,localidad,RIO PRIMERO,
CAÑADA DE RIO PINTO,Cañada de Río Pinto,localidad,ISCHILIN,
CAÑADA DEL SAUCE,Cañada del Sauce,localidad,CALAMUCHITA,
CERRO COLORADO,Cerro Colorado,localidad,RIO SECO,
CHAJAN,Chaján,localidad,RIO CUARTO,
CHALACEA,Chalacea,localidad,RIO PRIMERO,
CHANCANI,Chancaní,localidad,POCHO,
CHARBONIER,Charbonier,localidad,PUNILLA,
CHARRAS,Charras,localidad,JUAREZ CELMAN,
CHAZON,Chazón,localidad,GRAL.SAN MARTIN,
CHAÑAR VIEJO,Chañar Viejo,localidad,RIO SECO,
CHILIBROSTE,Chilibroste,localidad,UNION,
CHUCUL,Chucul,localidad,RIO CUARTO,
CHURQUI CAÑADA,Churqui Cañada,localidad,TULUMBA,
CHUÑA,Chuña,localidad,ISCHILIN,
CHUÑA HUASI,Chuña Huasi,localidad,SOBREMONTE,
CIENAGA DEL CORO,Ciénaga del Coro,localidad,MINAS,
CINTRA,Cintra,localidad,UNION,
COLAZO,Colazo,localidad,RIO SEGUNDO,
COLONIA ALMADA,Colonia Almada,localidad,TERCERO ARRIBA,
COLONIA ANITA,Colonia Anita,localidad,SAN JUSTO,
COLONIA BARGE,Colonia Barge,localidad,MARCOS JUAREZ,
COLONIA BISMARCK,Colonia Bismarck,localidad,UNION,
COLONIA BREMEN,Colonia Bremen,localidad,UNION,
COLONIA CAROYA,Colonia Caroya,localidad,COLON,
COLONIA ITALIANA,Colonia Italiana,localidad,MARCOS JUAREZ,
COLONIA ITURRASPE,Colonia Iturraspe,localidad,SAN JUSTO,
COLONIA LAS CUATRO ESQUINAS,Colonia Las Cuatro Esquinas,localidad,RIO PRIMERO,
COLONIA LAS PICHANAS,Colonia Las Pichanas,localidad,SAN JUSTO,
COLONIA MARINA,Colonia Marina,localidad,SAN JUSTO,
COLONIA PROSPERIDAD,Colonia Prosperidad,localidad,SAN JUSTO,
COLONIA SAN BARTOLOME,Colonia San Bartolomé,localidad,SAN JUSTO,
COLONIA SAN PEDRO,Colonia San Pedro,localidad,SAN JUSTO,
COLONIA TIROLESA,Colonia Tirolesa,localidad,COLON,
COLONIA VALTELINA,Colonia Valtelina,localidad,SAN JUSTO,
COLONIA VICENTE AGUERO,Colonia Vicente Agüero,localidad,COLON,
COLONIA VIDELA,Colonia Videla,localidad,RIO SEGUNDO,
COLONIA VIGNAUD,Colonia Vignaud,localidad,SAN JUSTO,
COMECHINGONES,Comechingones,localidad,RIO PRIMERO,
CONLARA,Conlara,localidad,SAN JAVIER,
COPACABANA,Copacabana,localidad,ISCHILIN,
CORDOBA,Córdoba,localidad,CAPITAL,
CORONEL BAIGORRIA,Coronel Baigorria,localidad,RIO CUARTO,
CORONEL MOLDES,Coronel Moldes,localidad,RIO CUARTO,
CORRAL DE BUSTOS,Corral de Bustos,localidad,MARCOS JUAREZ,
CORRALITO,Corralito,localidad,TERCERO ARRIBA,
COSQUIN,Cosquín,localidad,PUNILLA,
COSTASACATE,Costasacate,localidad,RIO SEGUNDO,
CRUZ ALTA,Cruz Alta,localidad,MARCOS JUAREZ,
CRUZ DE CAÑA,Cruz de Caña,localidad,CRUZ DEL EJE,
CRUZ DEL EJE,Cruz del Eje,localidad,CRUZ DEL EJE,
CUESTA BLANCA,Cuesta Blanca,localidad,PUNILLA,
DALMACIO VELEZ,Dalmacio Vélez,localidad,TERCERO ARRIBA,
DEAN FUNES,Deán Funes,localidad,ISCHILIN,
DEL CAMPILLO,Del Campillo,localidad,GENERAL ROCA,
DESPEÑADEROS,Despeñaderos,localidad,SANTA MARIA,
DEVOTO,Devoto,localidad,SAN JUSTO,
DIEGO DE ROJAS,Diego de Rojas,localidad,RIO PRIMERO,
DIQUE CHICO,Dique Chico,localidad,SANTA MARIA,
EL ARAÑADO,El Arañado,localidad,SAN JUSTO,
EL BRETE,El Brete,localidad,CRUZ DEL EJE,
EL CHACHO,El Chacho,localidad,MINAS,
EL CRISPIN,El Crispín,localidad,RIO PRIMERO,
EL FORTIN,El Fortín,localidad,SAN JUSTO,
EL MANZANO,El Manzano,localidad,COLON,
EL RASTREADOR,El Rastreador,localidad,JUAREZ CELMAN,
EL RODEO,El Rodeo,localidad,TULUMBA,
EL TIO,El Tío,localidad,SAN JUSTO,
ELENA,Elena,localidad,RIO CUARTO,
EMBALSE,Embalse,localidad,CALAMUCHITA,
ESQUINA,Esquina,localidad,RIO PRIMERO,
ESTACION GENERAL PAZ,Estación General Paz,localidad,COLON,
ESTACION JUAREZ CELMAN,Estación Juárez Celman,localidad,COLON,
ESTANCIA DE GUADALUPE,Estancia de Guadalupe,localidad,MINAS,
ESTANCIA VIEJA,Estancia Vieja,localidad,PUNILLA,
ETRURIA,Etruria,localidad,GRAL.SAN MARTIN,
EUFRASIO LOZA,Eufrasio Loza,localidad,RIO SECO,
FALDA DEL CARMEN,Falda del Carmen,localidad,SANTA MARIA,
FREYRE,Freyre,localidad,SAN JUSTO,
GENERAL BALDISSERA,General Baldissera,localidad,MARCOS JUAREZ,
GENERAL CABRERA,General Cabrera,localidad,JUAREZ CELMAN,
GENERAL DEHEZA,General Deheza,localidad,JUAREZ CELMAN,
GENERAL FOTHERINGHAM,General Fotheringham,localidad,TERCERO ARRIBA,
GENERAL LEVALLE,General Levalle,localidad,PTE.R.S. PEÑA,
GENERAL ROCA,General Roca,localidad,MARCOS JUAREZ,
GUANACO MUERTO,Guanaco Muerto,localidad,CRUZ DEL EJE,
GUASAPAMPA,Guasapampa,localidad,MINAS,
GUATIMOZIN,Guatimozín,localidad,MARCOS JUAREZ,
GUTEMBERG,Gutemberg,localidad,RIO SECO,
HERNANDO,Hernando,localidad,TERCERO ARRIBA,
HUANCHILLA,Huanchilla,localidad,JUAREZ CELMAN,
HUERTA GRANDE,Huerta Grande,localidad,PUNILLA,
HUINCA RENANCO,Huinca Renancó,localidad,GENERAL ROCA,
IDIAZABAL,Idiazábal,localidad,UNION,
IMPIRA,Impira,localidad,RIO SEGUNDO,
INRIVILLE,Inriville,localidad,MARCOS JUAREZ,
ISLA VERDE,Isla Verde,localidad,MARCOS JUAREZ,
ITALO,Italó,localidad,GENERAL ROCA,sí
JAMES CRAIK,James Craik,localidad,TERCERO ARRIBA,
JESUS MARIA,Jesús María,localidad,COLON,
JOVITA,Jovita,localidad,GENERAL ROCA,
JUSTINIANO POSSE,Justiniano Posse,localidad,UNION,
KILOMETRO 658,Kilómetro 658,localidad,RIO PRIMERO,
LA BATEA,La Batea,localidad,CRUZ DEL EJE,
LA CALERA,La Calera,localidad,COLON,
LA CARLOTA,La Carlota,localidad,JUAREZ CELMAN,
LA CAROLINA EL POTOSI,La Carolina El Potosí,localidad,RIO CUARTO,
LA CAUTIVA,La Cautiva,localidad,RIO CUARTO,
LA CESIRA,La Cesira,localidad,PTE.R.S. PEÑA,
LA CRUZ,La Cruz,localidad,CALAMUCHITA,
LA CUMBRE,La Cumbre,localidad,PUNILLA,
LA CUMBRECITA,La Cumbrecita,localidad,CALAMUCHITA,
LA FALDA,La Falda,localidad,PUNILLA,
LA FRANCIA,La Francia,localidad,SAN JUSTO,
LA GRANJA,La Granja,localidad,COLON,
LA HIGUERA,La Higuera,localidad,CRUZ DEL EJE,
LA LAGUNA,La Laguna,localidad,GRAL.SAN MARTIN,
LA PAISANITA,La Paisanita,localidad,SANTA MARIA,
LA PALESTINA,La Palestina,localidad,GRAL.SAN MARTIN,
LA PAMPA,La Pampa,localidad,TOTORAL,
LA PAQUITA,La Paquita,localidad,SAN JUSTO,
LA PARA,La Para,localidad,RIO PRIMERO,
LA PAZ,La Paz,localidad,SAN JAVIER,
LA PLAYA,La Playa,localidad,MINAS,
LA PLAYOSA,La Playosa,localidad,GRAL.SAN MARTIN,
LA POBLACION,La Población,localidad,SAN JAVIER,
LA POSTA,La Posta,localidad,RIO PRIMERO,
LA PUERTA,La Puerta,localidad,RIO PRIMERO,
LA QUINTA,La Quinta,localidad,RIO PRIMERO,
LA RANCHERITA,La Rancherita,localidad,SANTA MARIA,
LA RINCONADA,La Rinconada,localidad,RIO SECO,
LA SERRANITA,La Serranita,localidad,SANTA MARIA,
LA TORDILLA,La Tordilla,localidad,SAN JUSTO,
LABORDE,Laborde,localidad,UNION,
LABOULAYE,Laboulaye,localidad,PTE.R.S. PEÑA,
LAGUNA LARGA,Laguna Larga,localidad,RIO SEGUNDO,
LAS ACEQUIAS,Las Acequias,localidad,RIO CUARTO,
LAS ALBAHACAS,Las Albahacas,localidad,RIO CUARTO,
LAS ARRIAS,Las Arrias,localidad,TULUMBA,
LAS BAJADAS,Las Bajadas,localidad,CALAMUCHITA,
LAS CALERAS,Las Caleras,localidad,CALAMUCHITA,
LAS CALLES,Las Calles,localidad,SAN ALBERTO,
LAS CAÑADAS,Las Cañadas,localidad,CRUZ DEL EJE,
LAS GRAMILLAS,Las Gramillas,localidad,RIO PRIMERO,
LAS HIGUERAS,Las Higueras,localidad,RIO CUARTO,
LAS ISLETILLAS,Las Isletillas,localidad,TERCERO ARRIBA,
LAS JUNTURAS,Las Junturas,localidad,RIO SEGUNDO,
LAS PALMAS,Las Palmas,localidad,POCHO,
LAS PERDICES,Las Perdices,localidad,TERCERO ARRIBA,
LAS PEÑAS,Las Peñas,localidad,TOTORAL,
LAS PEÑAS SUD,Las Peñas Sud,localidad,RIO CUARTO,
LAS PLAYAS,Las Playas,localidad,CRUZ DEL EJE,
LAS RABONAS,Las Rabonas,localidad,SAN ALBERTO,
LAS SALADAS,Las Saladas,localidad,RIO PRIMERO,
LAS TAPIAS,Las Tapias,localidad,SAN JAVIER,
LAS VARAS,Las Varas,localidad,SAN JUSTO,
LAS VARILLAS,Las Varillas,localidad,SAN JUSTO,
LAS VERTIENTES,Las Vertientes,localidad,RIO CUARTO,
LEGUIZAMÓN,Leguizamón,localidad,PTE.R.S. PEÑA,sí
LEONES,Leones,localidad,MARCOS JUAREZ,
LOS CEDROS,Los Cedros,localidad,SANTA MARIA,
LOS CERRILLOS,Los Cerrillos,localidad,SAN JAVIER,
LOS CHAÑARITOS,Los Chañaritos (Río Segundo),localidad,RIO SEGUNDO,sí
LOS CHAÑARITOS (C.D.E.),Los Chañaritos (Cruz del Eje),localidad,CRUZ DEL EJE,sí
LOS CISNES,Los Cisnes,localidad,JUAREZ CELMAN,
LOS COCOS,Los Cocos,localidad,PUNILLA,
LOS CONDORES,Los Cóndores,localidad,CALAMUCHITA,
LOS HORNILLOS,Los Hornillos,localidad,SAN JAVIER,
LOS HOYOS,Los Hoyos,localidad,RIO SECO,
LOS MISTOLES,Los Mistoles,localidad,TOTORAL,
LOS MOLINOS,Los Molinos,localidad,CALAMUCHITA,
LOS POZOS,Los Pozos,localidad,ISCHILIN,
LOS REARTES,Los Reartes,localidad,CALAMUCHITA,
LOS SURGENTES,Los Surgentes,localidad,MARCOS JUAREZ,
LOS TALARES,Los Talares,localidad,POCHO,
LOS ZORROS,Los Zorros,localidad,TERCERO ARRIBA,
LOZADA,Lozada,localidad,SANTA MARIA,
LUCA,Luca,localidad,GRAL.SAN MARTIN,
LUCIO V. MANSILLA,Lucio V. Mansilla,localidad,TULUMBA,sí
LUQUE,Luque,localidad,RIO SEGUNDO,
LUTTI,Lutti,localidad,CALAMUCHITA,
LUYABA,Luyaba,localidad,SAN JAVIER,
MALAGUEÑO,Malagueño,localidad,SANTA MARIA,
MALENA,Malena,localidad,RIO CUARTO,
MALVINAS ARGENTINAS,Malvinas Argentinas,localidad,COLON,
MANFREDI,Manfredi,localidad,RIO SEGUNDO,
MAQUINISTA GALLINI,Maquinista Gallini,localidad,RIO PRIMERO,
MARCOS JUAREZ,Marcos Juárez,localidad,MARCOS JUAREZ,
MARULL,Marull,localidad,SAN JUSTO,
MATORRALES,Matorrales,localidad,RIO SEGUNDO,
MATTALDI,Mattaldi,localidad,GENERAL ROCA,
MAYU SUMAJ,Mayu Sumaj,localidad,PUNILLA,
MEDIA NARANJA,Media Naranja,localidad,CRUZ DEL EJE,
MELO,Melo,localidad,PTE.R.S. PEÑA,
MENDIOLAZA,Mendiolaza,localidad,COLON,
MI GRANJA,Mi Granja,localidad,COLON,
MINA CLAVERO,Mina Clavero,localidad,SAN ALBERTO,
MIRAMAR,Miramar,localidad,SAN JUSTO,
MONTE BUEY,Monte Buey,localidad,MARCOS JUAREZ,
MONTE CRISTO,Monte Cristo,localidad,RIO PRIMERO,
MONTE DE LOS GAUCHOS,Monte de los Gauchos,localidad,RIO CUARTO,
MONTE LEÑA,Monte Leña,localidad,UNION,
MONTE MAIZ,Monte Maíz,localidad,UNION,
MONTE RALO,Monte Ralo,localidad,SANTA MARIA,
MORRISON,Morrison,localidad,UNION,
MORTEROS,Morteros,localidad,SAN JUSTO,
NICOLAS BRUZZONE,Nicolás Bruzzone,localidad,GENERAL ROCA,
NOETINGER,Noetinger,localidad,UNION,
NONO,Nono,localidad,SAN ALBERTO,
OBISPO TREJO,Obispo Trejo,localidad,RIO PRIMERO,
OLAETA,Olaeta,localidad,JUAREZ CELMAN,
OLIVA,Oliva,localidad,TERCERO ARRIBA,
OLIVARES DE SAN NICOLAS,Olivares de San Nicolás,localidad,ISCHILIN,
ONAGOITY,Onagoity,localidad,GENERAL ROCA,
ONCATIVO,Oncativo,localidad,RIO SEGUNDO,
ORDOÑEZ,Ordóñez,localidad,UNION,
PACHECO DE MELO,Pacheco de Melo,localidad,JUAREZ CELMAN,
PAMPAYASTA NORTE,Pampayasta Norte,localidad,TERCERO ARRIBA,
PAMPAYASTA SUD,Pampayasta Sud,localidad,TERCERO ARRIBA,
PANAHOLMA,Panaholma,localidad,SAN ALBERTO,
PASCANAS,Pascanas,localidad,UNION,
PASCO,Pasco,localidad,GRAL.SAN MARTIN,
PASO DEL DURAZNO,Paso del Durazno,localidad,JUAREZ CELMAN,
PASO VIEJO,Paso Viejo,localidad,CRUZ DEL EJE,
PILAR,Pilar,localidad,RIO SEGUNDO,
PINCEN,Pincén,localidad,GENERAL ROCA,
PIQUILLIN,Piquillín,localidad,RIO PRIMERO,
PLAZA DE MERCEDES,Plaza de Mercedes,localidad,RIO PRIMERO,
PLAZA LUXARDO,Plaza Luxardo,localidad,SAN JUSTO,
PORTEÑA,Porteña,localidad,SAN JUSTO,
POTRERO DE GARAY,Potrero de Garay,localidad,SANTA MARIA,
POZO DEL MOLLE,Pozo del Molle,localidad,RIO SEGUNDO,
POZO NUEVO,Pozo Nuevo,localidad,SOBREMONTE,
PUEBLO ITALIANO,Pueblo Italiano,localidad,UNION,
PUESTO DE CASTRO,Puesto de Castro,localidad,RIO SECO,
PUNTA DEL AGUA,Punta del Agua,localidad,TERCERO ARRIBA,
QUEBRACHO HERRADO,Quebracho Herrado,localidad,SAN JUSTO,
QUILINO,Quilino,localidad,ISCHILIN,
RAFAEL GARCIA,Rafael García,localidad,SANTA MARIA,
RANQUELES,Ranqueles,localidad,GENERAL ROCA,
RAYO CORTADO,Rayo Cortado,localidad,RIO SECO,
REDUCCION,Reducción,localidad,JUAREZ CELMAN,
RINCON,Rincón,localidad,RIO SEGUNDO,
RIO BAMBA,Río Bamba,localidad,PTE.R.S. PEÑA,
RIO CEBALLOS,Río Ceballos,localidad,COLON,
RIO CUARTO,Río Cuarto,localidad,RIO CUARTO,
RIO DE LOS SAUCES,Río de los Sauces,localidad,CALAMUCHITA,
RIO PRIMERO,Río Primero,localidad,RIO PRIMERO,
RIO SEGUNDO,Río Segundo,localidad,RIO SEGUNDO,
RIO TERCERO,Río Tercero,localidad,TERCERO ARRIBA,
ROSALES,Rosales,localidad,PTE.R.S. PEÑA,
ROSARIO DEL SALADILLO,Rosario del Saladillo,localidad,TULUMBA,
SACANTA,Sacanta,localidad,SAN JUSTO,
SAGRADA FAMILIA,Sagrada Familia,localidad,RIO PRIMERO,
SAIRA,Saira,localidad,MARCOS JUAREZ,
SALADILLO,Saladillo,localidad,MARCOS JUAREZ,
SALDAN,Saldán,localidad,COLON,
SALSACATE,Salsacate,localidad,POCHO,
SALSIPUEDES,Salsipuedes,localidad,COLON,
SAMPACHO,Sampacho,localidad,RIO CUARTO,
SAN AGUSTIN,San Agustín,localidad,CALAMUCHITA,
SAN ANTONIO DE ARREDONDO,San Antonio de Arredondo,localidad,PUNILLA,
SAN ANTONIO DE LITIN,San Antonio de Litín,localidad,UNION,
SAN BASILIO,San Basilio,localidad,RIO CUARTO,
SAN CARLOS MINAS,San Carlos Minas,localidad,MINAS,
SAN CLEMENTE,San Clemente,localidad,SANTA MARIA,
SAN ESTEBAN,San Esteban,localidad,PUNILLA,
SAN FRANCISCO,San Francisco,localidad,SAN JUSTO,
SAN FRANCISCO DEL CHAÑAR,San Francisco del Chañar,localidad,SOBREMONTE,
SAN GERONIMO,San Gerónimo,localidad,POCHO,
SAN IGNACIO,San Ignacio,localidad,CALAMUCHITA,
SAN JAVIER Y YACANTO,San Javier y Yacanto,localidad,SAN JAVIER,
SAN JOAQUIN,San Joaquín,localidad,PTE.R.S. PEÑA,
SAN JOSE,San José,localidad,SAN JAVIER,
SAN JOSE DE LA DORMIDA,San José de la Dormida,localidad,TULUMBA,
SAN JOSE DE LAS SALINAS,San José de las Salinas,localidad,TULUMBA,
SAN LORENZO,San Lorenzo,localidad,SAN ALBERTO,
SAN MARCOS SIERRAS,San Marcos Sierras,localidad,CRUZ DEL EJE,
SAN MARCOS SUD,San Marcos Sud,localidad,UNION,
SAN PEDRO,San Pedro,localidad,SAN ALBERTO,
SAN PEDRO NORTE,San Pedro Norte,localidad,TULUMBA,
SAN ROQUE,San Roque,localidad,PUNILLA,
SAN VICENTE,San Vicente,localidad,SAN ALBERTO,
SANTA CATALINA HOLMBERG,Santa Catalina Holmberg,localidad,RIO CUARTO,
SANTA ELENA,Santa Elena,localidad,RIO SECO,
SANTA EUFEMIA,Santa Eufemia,localidad,JUAREZ CELMAN,
SANTA MARIA DE PUNILLA,Santa María de Punilla,localidad,PUNILLA,
SANTA ROSA DE CALAMUCHITA,Santa Rosa de Calamuchita,localidad,CALAMUCHITA,
SANTIAGO TEMPLE,Santiago Temple,localidad,RIO SEGUNDO,
SARMIENTO,Sarmiento,localidad,TOTORAL,
SATURNINO MARIA LASPIUR,Saturnino María Laspiur,localidad,SAN JUSTO,
SAUCE ARRIBA,Sauce Arriba,localidad,SAN ALBERTO,
SEBASTIAN ELCANO,Sebastián Elcano,localidad,RIO SECO,
SEEBER,Seeber,localidad,SAN JUSTO,
SEGUNDA USINA,Segunda Usina,localidad,CALAMUCHITA,
SERRANO,Serrano,localidad,PTE.R.S. PEÑA,
SERREZUELA,Serrezuela,localidad,CRUZ DEL EJE,
SILVIO PELLICO,Silvio Pellico,localidad,GRAL.SAN MARTIN,
SIMBOLAR,Simbolar,localidad,TOTORAL,
SINSACATE,Sinsacate,localidad,TOTORAL,
SUCO,Suco,localidad,RIO CUARTO,
TALA CAÑADA,Tala Cañada,localidad,POCHO,
TALA HUASI,Tala Huasi,localidad,PUNILLA,
TALAINI,Talaini,localidad,MINAS,
TANCACHA,Tancacha,localidad,TERCERO ARRIBA,
TANTI,Tanti,localidad,PUNILLA,
TICINO,Ticino,localidad,GRAL.SAN MARTIN,
TINOCO,Tinoco,localidad,COLON,
TIO PUJIO,Tío Pujio,localidad,GRAL.SAN MARTIN,
TOLEDO,Toledo,localidad,SANTA MARIA,
TORO PUJIO,Toro Pujio,localidad,SAN JUSTO,
TOSNO,Tosno,localidad,MINAS,
TOSQUITA,Tosquita,localidad,RIO CUARTO,
TRANSITO,Tránsito,localidad,SAN JUSTO,
TUCLAME,Tuclame,localidad,CRUZ DEL EJE,
UCACHA,Ucacha,localidad,JUAREZ CELMAN,
UNQUILLO,Unquillo,localidad,COLON,
VALLE DE ANISACATE,Valle de Anisacate,localidad,SANTA MARIA,
VALLE HERMOSO,Valle Hermoso,localidad,PUNILLA,
VIAMONTE,Viamonte,localidad,UNION,
VICUNA MACKENNA,Vicuña Mackenna,localidad,RIO CUARTO,sí
VILLA ALLENDE,Villa Allende,localidad,COLON,
VILLA AMANCAY,Villa Amancay,localidad,CALAMUCHITA,
VILLA ASCASUBI,Villa Ascasubi,localidad,TERCERO ARRIBA,
VILLA CANDELARIA NORTE,Villa Candelaria Norte,localidad,RIO SECO,
VILLA CARLOS PAZ,Villa Carlos Paz,localidad,PUNILLA,
VILLA CERRO AZUL,Villa Cerro Azul,localidad,COLON,
VILLA CIUDAD DE AMERICA,Villa Ciudad de América,localidad,SANTA MARIA,
VILLA CIUDAD PARQUE LOS REARTES,Villa Ciudad Parque Los Reartes,localidad,CALAMUCHITA,
VILLA CONCEPCION DEL TIO,Villa Concepción del Tío,localidad,SAN JUSTO,
VILLA CURA BROCHERO,Villa Cura Brochero,localidad,SAN ALBERTO,
VILLA DE LAS ROSAS,Villa de las Rosas,localidad,SAN JAVIER,
VILLA DE MARIA,Villa de María,localidad,RIO SECO,
VILLA DE POCHO,Villa de Pocho,localidad,POCHO,
VILLA DE SOTO,Villa de Soto,localidad,CRUZ DEL EJE,
VILLA DEL DIQUE,Villa del Dique,localidad,CALAMUCHITA,
VILLA DEL PRADO,Villa del Prado,localidad,SANTA MARIA,
VILLA DEL ROSARIO,Villa del Rosario,localidad,RIO SEGUNDO,
VILLA DEL TOTORAL,Villa del Totoral,localidad,TOTORAL,
VILLA DOLORES,Villa Dolores,localidad,SAN JAVIER,
VILLA EL CHACAY,Villa El Chacay,localidad,RIO CUARTO,
VILLA ELISA,Villa Elisa,localidad,MARCOS JUAREZ,
VILLA FONTANA,Villa Fontana,localidad,RIO PRIMERO,
VILLA GENERAL BELGRANO,Villa General Belgrano,localidad,CALAMUCHITA,
VILLA GIARDINO,Villa Giardino,localidad,PUNILLA,
VILLA GUTIERREZ,Villa Gutiérrez,localidad,ISCHILIN,
VILLA HUIDOBRO,Villa Huidobro,localidad,GENERAL ROCA,
VILLA LA BOLSA,Villa La Bolsa,localidad,SANTA MARIA,
VILLA LOS AROMOS,Villa Los Aromos,localidad,SANTA MARIA,
VILLA LOS PATOS,Villa Los Patos,localidad,UNION,
VILLA MARIA,Villa María,localidad,GRAL.SAN MARTIN,
VILLA NUEVA,Villa Nueva,localidad,GRAL.SAN MARTIN,
VILLA PARQUE SANTA ANA,Villa Parque Santa Ana,localidad,SANTA MARIA,
VILLA PARQUE SIQUIMAN,Villa Parque Siquimán,localidad,PUNILLA,
VILLA QUILLINZO,Villa Quillinzo,localidad,CALAMUCHITA,
VILLA RIO ICHO CRUZ,Villa Río Icho Cruz,localidad,PUNILLA,
VILLA ROSSI,Villa Rossi,localidad,PTE.R.S. PEÑA,
VILLA RUMIPAL,Villa Rumipal,localidad,CALAMUCHITA,
VILLA SAN ESTEBAN,Villa San Esteban,localidad,SAN JUSTO,
VILLA SAN ISIDRO,Villa San Isidro,localidad,SANTA MARIA,
VILLA SANTA CRUZ DEL LAGO,Villa Santa Cruz del Lago,localidad,PUNILLA,
VILLA SANTA ROSA,Villa Santa Rosa,localidad,RIO PRIMERO,
VILLA SARMIENTO,Villa Sarmiento (San Alberto),localidad,SAN ALBERTO,sí
VILLA SARMIENTO (G.R.),Villa Sarmiento (General Roca),localidad,GENERAL ROCA,sí
VILLA TULUMBA,Villa Tulumba,localidad,TULUMBA,
VILLA VALERIA,Villa Valeria,localidad,GENERAL ROCA,
VILLA YACANTO,Villa Yacanto,localidad,CALAMUCHITA,
WASHINGTON,Washington,localidad,RIO CUARTO,
WENCESLAO ESCALANTE,Wenceslao Escalante,localidad,UNION,
CALAMUCHITA,Calamuchita,departamento,,
CAPITAL,Capital,departamento,,
COLON,Colón,departamento,,
CRUZ DEL EJE,Cruz del Eje,departamento,,
GENERAL ROCA,General Roca,departamento,,
GRAL.SAN MARTIN,General San Martín,departamento,,sí
ISCHILIN,Ischilín,departamento,,
JUAREZ CELMAN,Juárez Celman,departamento,,
MARCOS JUAREZ,Marcos Juárez,departamento,,
MINAS,Minas,departamento,,
POCHO,Pocho,departamento,,
PTE.R.S. PEÑA,Presidente Roque Sáenz Peña,departamento,,sí
PUNILLA,Punilla,departamento,,
RIO CUARTO,Río Cuarto,departamento,,
RIO PRIMERO,Río Primero,departamento,,
RIO SECO,Río Seco,departamento,,
RIO SEGUNDO,Río Segundo,departamento,,
SAN ALBERTO,San Alberto,departamento,,
SAN JAVIER,San Javier,departamento,,
SAN JUSTO,San Justo,departamento,,
SANTA MARIA,Santa María,departamento,,
SOBREMONTE,Sobremonte,departamento,,
TERCERO ARRIBA,Tercero Arriba,departamento,,
TOTORAL,Totoral,departamento,,
TULUMBA,Tulumba,departamento,,
UNION,Unión,departamento,,
